person_id,name,age,gender,city,state,phone_number,education_level,employment_status,salary_band
b2d1f982969a,Hunar Arora,52,Male,Chennai,Tamil Nadu,1519921582,10th Pass,Employed,5-10L
6fe47f5baf89,Hazel Varghese,42,Male,Mumbai,Maharashtra,3471363561,10th Pass,Unemployed,0-5L
57afe6b8f509,Kaira Buch,62,Other,Bengaluru,Karnataka,8519734306,12th Pass,Unemployed,20L+
f2cfdc696fff,Mahika Suresh,54,Female,Delhi,Delhi,7129100237,Graduate,Unemployed,20L+
0ea7badcb7db,Vardaniya Bahl,21,Other,Delhi,Delhi,2318542996,12th Pass,Student,0-5L
084a6e9c8250,Nirvaan Tata,45,Male,Delhi,Delhi,7608740906,10th Pass,Student,20L+
d6b8fd134969,Samiha Bose,18,Other,Bengaluru,Karnataka,7244482590,10th Pass,Student,20L+
455b237d2ab4,Myra Lanka,21,Female,Kolkata,West Bengal,2638107588,Post Graduate,Daily Wage,0-5L
1d6a0f2bce67,Indranil Agrawal,34,Other,Kolkata,West Bengal,9778015934,Graduate,Student,0-5L
841a5b2a09e8,Mohanlal Krish,54,Female,Chennai,Tamil Nadu,4222738882,Graduate,Daily Wage,0-5L
0b32ce83f1ba,Manikya Wagle,29,Other,Mumbai,Maharashtra,5534615433,Post Graduate,Student,20L+
fa6077aed0e8,Keya Tak,45,Male,Kolkata,West Bengal,8338091660,Graduate,Employed,20L+
ca0d6b47d566,Diya Sant,55,Male,Hyderabad,Telangana,8028203144,Post Graduate,Student,20L+
ff6ecbeb5cae,Divit Biswas,25,Male,Mumbai,Maharashtra,0525887822,10th Pass,Student,10-20L
8e7aca54ff06,Himmat Shenoy,19,Other,Delhi,Delhi,3605715154,Post Graduate,Daily Wage,0-5L
e240367c1d7b,Zara Deshmukh,58,Other,Kolkata,West Bengal,8471582652,10th Pass,Employed,10-20L
9986081cd1d2,Nishith Zachariah,44,Female,Bengaluru,Karnataka,5492257132,Post Graduate,Employed,20L+
6a229980ea7f,Ira Deshmukh,39,Female,Chennai,Tamil Nadu,3061500761,Graduate,Daily Wage,0-5L
ad8ec376c14a,Taran Datta,52,Female,Bengaluru,Karnataka,1566433950,12th Pass,Unemployed,20L+
34f61d99d929,Miraya Arya,23,Other,Chennai,Tamil Nadu,7442592970,Post Graduate,Employed,0-5L
2f2243d5a510,Yuvraj  Sagar,26,Other,Bengaluru,Karnataka,5801987258,Post Graduate,Student,0-5L
6c49488e2d0d,Ivana Din,60,Other,Hyderabad,Telangana,7064237043,10th Pass,Student,20L+
5a804936c497,Adah Gill,20,Male,Mumbai,Maharashtra,1081337278,10th Pass,Student,20L+
a8dad8f3bf8f,Neysa Agrawal,24,Other,Bengaluru,Karnataka,0100588937,10th Pass,Employed,20L+
de719fcda1fb,Nayantara Arora,39,Female,Bengaluru,Karnataka,4687647012,10th Pass,Daily Wage,5-10L
2693505b3a89,Aarush Brar,53,Male,Mumbai,Maharashtra,1975363679,Graduate,Daily Wage,10-20L
3e46677a79fa,Indrans Kapur,24,Female,Hyderabad,Telangana,2010087797,Graduate,Unemployed,5-10L
88405eec0bc8,Rasha Konda,36,Female,Chennai,Tamil Nadu,3364407208,Post Graduate,Student,5-10L
7d27e856a9e0,Pihu Kata,21,Other,Bengaluru,Karnataka,8141339180,12th Pass,Employed,0-5L
a5351c9fe8dc,Ira Bobal,47,Other,Kolkata,West Bengal,8339993408,10th Pass,Employed,5-10L
06cbc23105b5,Mahika Ram,42,Male,Chennai,Tamil Nadu,6870746225,12th Pass,Employed,0-5L
f8039c175919,Mehul Cheema,20,Other,Chennai,Tamil Nadu,0243341637,10th Pass,Unemployed,20L+
fa649d2cf5d4,Kartik Sibal,29,Female,Kolkata,West Bengal,7903951570,12th Pass,Employed,5-10L
b396b020e97f,Yuvraj  Boase,27,Female,Bengaluru,Karnataka,6617725013,Post Graduate,Student,0-5L
bce48c3f0c8a,Hrishita Lalla,32,Male,Mumbai,Maharashtra,5208536607,Graduate,Employed,0-5L
caf4dc7f33d8,Diya Agarwal,42,Other,Hyderabad,Telangana,9282977125,Graduate,Employed,20L+
822a2330e0e2,Vritika Varma,46,Other,Kolkata,West Bengal,6493766482,12th Pass,Daily Wage,20L+
bc1fdc48401d,Seher Lata,61,Female,Delhi,Delhi,3163224347,12th Pass,Daily Wage,0-5L
261322c7e5e5,Azad Chhabra,44,Female,Hyderabad,Telangana,3213611555,Graduate,Daily Wage,20L+
8415b5f8e5ca,Vihaan Bhandari,19,Male,Delhi,Delhi,7107534011,10th Pass,Unemployed,10-20L
925fa77a9c7c,Miraya Rajagopalan,24,Female,Bengaluru,Karnataka,5549978416,Post Graduate,Daily Wage,10-20L
052e3bb498fe,Jivika Kothari,42,Other,Hyderabad,Telangana,5341974443,Graduate,Employed,20L+
cdd44b1d9770,Pihu Dhaliwal,25,Other,Kolkata,West Bengal,3480431181,10th Pass,Employed,5-10L
3a2aa3ba7f37,Vihaan Kant,49,Female,Hyderabad,Telangana,7109895498,Post Graduate,Employed,10-20L
02f460c55638,Jayesh Sibal,51,Other,Chennai,Tamil Nadu,3392047945,Post Graduate,Employed,5-10L
992a19adfa54,Hunar Bhavsar,24,Other,Kolkata,West Bengal,4023876159,Post Graduate,Student,0-5L
0c38f9106495,Khushi Kar,42,Male,Delhi,Delhi,5530419402,12th Pass,Employed,5-10L
ebf896cc76d7,Yashvi Kamdar,42,Male,Chennai,Tamil Nadu,6243506127,12th Pass,Student,10-20L
d598f5496f4e,Samaira Banik,19,Other,Bengaluru,Karnataka,2144349525,Graduate,Daily Wage,5-10L
4ba76e028759,Shayak Thakkar,55,Female,Delhi,Delhi,2110759441,Graduate,Unemployed,5-10L
b1137d9da78e,Nayantara Vyas,52,Female,Chennai,Tamil Nadu,8981493158,Graduate,Employed,0-5L
e8401a87a9ad,Piya Amble,52,Female,Kolkata,West Bengal,5676313219,10th Pass,Daily Wage,10-20L
0a055bcdcb27,Ahana  Chhabra,32,Other,Hyderabad,Telangana,4359661066,12th Pass,Employed,20L+
a721262ca322,Tiya Kibe,31,Other,Hyderabad,Telangana,1320476216,Post Graduate,Daily Wage,10-20L
27e77c161c4b,Lakshay Virk,30,Male,Bengaluru,Karnataka,9796406300,Post Graduate,Employed,0-5L
951a24327dc0,Lagan Taneja,34,Male,Mumbai,Maharashtra,4486573851,Graduate,Employed,20L+
0b9793a2fd08,Tushar Majumdar,33,Other,Mumbai,Maharashtra,1577449623,Graduate,Daily Wage,5-10L
671b66c5e33f,Sana Madan,32,Female,Hyderabad,Telangana,2747594784,Graduate,Daily Wage,10-20L
96d58ec0aaa2,Tiya Ghose,40,Female,Bengaluru,Karnataka,5977716586,10th Pass,Daily Wage,20L+
6fd5f5ab3533,Reyansh Mani,28,Other,Mumbai,Maharashtra,8495041404,Graduate,Student,5-10L
1988ff44e8d7,Trisha Date,50,Female,Chennai,Tamil Nadu,9321936077,Post Graduate,Employed,10-20L
6a60343a7690,Mahika Sood,31,Other,Bengaluru,Karnataka,9180131685,Post Graduate,Student,20L+
0d20d3191736,Vaibhav Varma,49,Female,Chennai,Tamil Nadu,1723295667,Graduate,Daily Wage,5-10L
ebd6f4572f17,Aarush Sastry,44,Female,Chennai,Tamil Nadu,8440519972,Graduate,Daily Wage,5-10L
f1993cba16b1,Akarsh Sachdeva,61,Female,Delhi,Delhi,1448721622,10th Pass,Daily Wage,20L+
0060623c235d,Taimur Chokshi,59,Male,Kolkata,West Bengal,6771182627,12th Pass,Unemployed,0-5L
7de382adbc5c,Umang Banerjee,21,Other,Mumbai,Maharashtra,3954180038,10th Pass,Student,20L+
12fc347b9903,Inaaya  Som,38,Female,Delhi,Delhi,1093139719,12th Pass,Daily Wage,10-20L
1d3ff33b2019,Jayan Sur,27,Male,Mumbai,Maharashtra,2650774694,Post Graduate,Employed,20L+
db2f023cd6fc,Ryan Borah,41,Male,Hyderabad,Telangana,7439470150,Graduate,Daily Wage,10-20L
16252cf57ef8,Sana Korpal,44,Other,Chennai,Tamil Nadu,1846526546,12th Pass,Employed,20L+
b66021ac1a2b,Kaira Raju,61,Other,Hyderabad,Telangana,0808745296,12th Pass,Unemployed,20L+
b720fee77f37,Rania Krishnamurthy,57,Other,Hyderabad,Telangana,3294087297,10th Pass,Employed,20L+
9c8ebd6953cd,Renee Raj,22,Female,Delhi,Delhi,7800344635,10th Pass,Unemployed,20L+
38050f89c9d1,Umang Sama,19,Other,Kolkata,West Bengal,7083907341,Graduate,Employed,5-10L
ebec37ec4e95,Jayant Wason,61,Female,Delhi,Delhi,0413119567,Graduate,Student,5-10L
4a4cd59332b4,Aarav Chada,32,Male,Hyderabad,Telangana,8115207657,Graduate,Unemployed,0-5L
169ab09ac63e,Zaina Reddy,19,Male,Bengaluru,Karnataka,6388614199,Post Graduate,Daily Wage,0-5L
c3a4a000ffe0,Nirvaan Raju,34,Male,Delhi,Delhi,9889057910,Graduate,Student,20L+
7a9fab56e614,Dhruv Bath,21,Male,Hyderabad,Telangana,7418387486,12th Pass,Employed,5-10L
6704182b84ae,Indrans Atwal,52,Female,Bengaluru,Karnataka,7097265679,10th Pass,Employed,20L+
5ad3a8058103,Uthkarsh Ganesh,29,Male,Chennai,Tamil Nadu,6408873259,12th Pass,Unemployed,20L+
490e27f0081c,Madhav Bala,56,Female,Hyderabad,Telangana,7762494217,Post Graduate,Daily Wage,5-10L
ddc6330a803b,Romil Randhawa,40,Female,Delhi,Delhi,2689730389,12th Pass,Unemployed,10-20L
e2ffc03ec232,Oorja Mall,18,Other,Kolkata,West Bengal,8251324798,Post Graduate,Employed,5-10L
ab7ac6950861,Zara Kulkarni,50,Other,Delhi,Delhi,3494963782,Graduate,Daily Wage,20L+
9a8ed6d463aa,Mamooty Upadhyay,31,Female,Delhi,Delhi,5803969884,12th Pass,Employed,5-10L
88e96df6b65d,Pranay Ganesh,38,Male,Mumbai,Maharashtra,0003910915,Graduate,Unemployed,5-10L
dbf34a15b109,Madhup Choudhry,34,Female,Hyderabad,Telangana,0222405764,Graduate,Employed,0-5L
54049d2b1606,Tushar Ravi,39,Female,Chennai,Tamil Nadu,7154725523,12th Pass,Unemployed,0-5L
53bf6d451470,Vritika Ravel,44,Male,Kolkata,West Bengal,4281929022,Post Graduate,Daily Wage,0-5L
6048752c460a,Samar Upadhyay,45,Male,Mumbai,Maharashtra,5642676329,10th Pass,Daily Wage,10-20L
e9e45b81d9e9,Damini Ram,65,Female,Mumbai,Maharashtra,6698804906,10th Pass,Student,20L+
2c956621d83f,Shalv Divan,31,Male,Bengaluru,Karnataka,3090526372,Post Graduate,Unemployed,20L+
151d914791ed,Samaira Johal,34,Other,Bengaluru,Karnataka,3592302933,12th Pass,Employed,20L+
c4fb2ca5e217,Vihaan Krishna,45,Female,Chennai,Tamil Nadu,0619976099,Post Graduate,Daily Wage,0-5L
9c99c21edff0,Aniruddh Cheema,19,Female,Kolkata,West Bengal,4069925613,Graduate,Daily Wage,5-10L
687567c1825f,Damini Ramachandran,19,Female,Bengaluru,Karnataka,6166638926,10th Pass,Employed,10-20L
2badb280b1af,Heer Sandal,41,Male,Hyderabad,Telangana,5548004157,Post Graduate,Daily Wage,5-10L
baedf535d87b,Baiju Vasa,29,Other,Kolkata,West Bengal,2957908911,10th Pass,Employed,20L+
fcd7aee6dc15,Kismat Agrawal,56,Other,Kolkata,West Bengal,1984078668,Post Graduate,Student,5-10L
859e7633cdd3,Navya Sanghvi,27,Male,Mumbai,Maharashtra,1683618930,Graduate,Student,5-10L
bf5e5dc20b02,Shanaya Kar,34,Other,Hyderabad,Telangana,3778178350,Graduate,Unemployed,5-10L
7649e9e0d616,Hansh Raval,62,Male,Hyderabad,Telangana,7899301123,Post Graduate,Unemployed,0-5L
3b0b1da42bcc,Jiya Kapadia,45,Other,Kolkata,West Bengal,9430764281,Post Graduate,Unemployed,0-5L
75c2d036362e,Ira Ravi,32,Female,Bengaluru,Karnataka,7599571378,10th Pass,Student,10-20L
1b7486000532,Miraya Borah,64,Female,Hyderabad,Telangana,3443860694,Post Graduate,Daily Wage,0-5L
53baf2862ad2,Nehmat Butala,59,Male,Mumbai,Maharashtra,4755614094,10th Pass,Unemployed,10-20L
4ed0a990fa28,Jayesh Shan,51,Female,Hyderabad,Telangana,8127572525,Graduate,Daily Wage,10-20L
a77a58bcfa63,Pari Chakrabarti,52,Male,Delhi,Delhi,3034616783,12th Pass,Student,0-5L
1f10da4e90c2,Nirvi Sagar,27,Male,Chennai,Tamil Nadu,7173665525,12th Pass,Unemployed,0-5L
6896308d77e1,Ayesha Master,61,Other,Mumbai,Maharashtra,0649839768,12th Pass,Employed,10-20L
b3bbe43e7355,Renee Tella,42,Other,Hyderabad,Telangana,1654018180,Graduate,Daily Wage,20L+
c4965592025f,Indrajit Chad,19,Other,Chennai,Tamil Nadu,4717184835,Post Graduate,Employed,20L+
dafe8736d0ed,Advik Dayal,43,Other,Delhi,Delhi,4276614711,10th Pass,Student,0-5L
709e91538bdf,Hiran Bhat,31,Other,Bengaluru,Karnataka,9055029102,12th Pass,Employed,20L+
a76db8e6ff62,Sana Rastogi,27,Male,Bengaluru,Karnataka,7335151028,Graduate,Daily Wage,20L+
c4aa2f650628,Miraya Ray,45,Male,Mumbai,Maharashtra,5673820785,Graduate,Unemployed,20L+
ddd2a5076ed7,Neelofar Kapur,64,Other,Bengaluru,Karnataka,5473595951,12th Pass,Unemployed,10-20L
f030cdd53893,Riya Sangha,47,Other,Bengaluru,Karnataka,2157266133,Graduate,Student,10-20L
9ccf2a208dbb,Arnav Divan,54,Other,Chennai,Tamil Nadu,2537006218,Graduate,Employed,0-5L
7b43ddfd12f4,Farhan Deol,36,Male,Kolkata,West Bengal,9495599754,10th Pass,Unemployed,0-5L
d3509bedbdbe,Taran Thakkar,37,Other,Bengaluru,Karnataka,6472777763,Graduate,Unemployed,10-20L
c18647eedf2e,Yakshit Yadav,45,Male,Mumbai,Maharashtra,8268102644,Graduate,Employed,0-5L
5e14c29eb753,Misha Saran,24,Other,Kolkata,West Bengal,1976284106,12th Pass,Daily Wage,0-5L
cb40a4e58cae,Riya Khalsa,32,Female,Bengaluru,Karnataka,5002852895,12th Pass,Unemployed,20L+
2e63a1eded33,Aradhya Gala,48,Female,Delhi,Delhi,9751651911,Post Graduate,Daily Wage,5-10L
47e37738ccde,Hazel Desai,58,Other,Kolkata,West Bengal,0720333873,12th Pass,Employed,5-10L
ea429bdec2bb,Emir Dube,39,Other,Kolkata,West Bengal,2586829110,Post Graduate,Daily Wage,20L+
f73b08299210,Zaina Bajaj,41,Male,Kolkata,West Bengal,3332594345,10th Pass,Daily Wage,0-5L
7b7a7d05cca2,Saksham Doshi,41,Male,Mumbai,Maharashtra,7302597170,Graduate,Unemployed,10-20L
686dd931cffd,Kismat Sahni,59,Other,Kolkata,West Bengal,4022099782,10th Pass,Unemployed,5-10L
7fd6cc7ce404,Prisha Warrior,48,Female,Hyderabad,Telangana,7539275666,Post Graduate,Student,10-20L
36b3ffde1e1c,Tara Subramanian,20,Female,Chennai,Tamil Nadu,0336186576,Post Graduate,Unemployed,10-20L
531d6b7c948d,Emir Bhakta,65,Other,Hyderabad,Telangana,5481265587,Graduate,Employed,20L+
a7c941e2405c,Anika Iyer,45,Male,Mumbai,Maharashtra,0099837606,Graduate,Unemployed,0-5L
27116b9d75b5,Hridaan Goyal,59,Male,Bengaluru,Karnataka,7575622148,12th Pass,Employed,20L+
a982e69ec8a5,Hiran Gokhale,52,Female,Delhi,Delhi,1469901498,12th Pass,Employed,10-20L
45223d7007ac,Divit Hayer,46,Male,Mumbai,Maharashtra,9133127690,10th Pass,Daily Wage,20L+
06b1dd0b1a8a,Eshani Sahota,44,Male,Mumbai,Maharashtra,1441559210,12th Pass,Student,5-10L
aae22e9a2bf9,Inaaya  Shanker,18,Male,Hyderabad,Telangana,0672940693,Post Graduate,Daily Wage,0-5L
1a09e090a6fa,Armaan Shenoy,26,Other,Delhi,Delhi,9645921949,10th Pass,Daily Wage,5-10L
11dded4d4b16,Sana Luthra,56,Male,Hyderabad,Telangana,0371287735,12th Pass,Unemployed,20L+
4b68dc65e4c4,Inaaya  Dugar,31,Female,Mumbai,Maharashtra,6809373772,Graduate,Employed,0-5L
6b60f32a4fc5,Sana Loyal,43,Other,Mumbai,Maharashtra,8921390937,10th Pass,Employed,10-20L
6dbaec37eaba,Myra Subramaniam,31,Other,Delhi,Delhi,2693844445,Graduate,Student,0-5L
5ba92bbf38ad,Mohanlal Kota,49,Male,Hyderabad,Telangana,2840531261,12th Pass,Daily Wage,5-10L
029777a8e1fd,Parinaaz Gill,26,Female,Chennai,Tamil Nadu,8042244671,10th Pass,Student,0-5L
88f03e558c5d,Saksham Raja,39,Other,Mumbai,Maharashtra,5143211292,Post Graduate,Employed,10-20L
0935685eaddb,Zoya Dutt,65,Female,Chennai,Tamil Nadu,8387596645,10th Pass,Daily Wage,5-10L
76f8e7cd5c67,Miraan Tara,59,Female,Bengaluru,Karnataka,3584319844,Graduate,Daily Wage,20L+
6cc7d76eb55e,Onkar Sampath,29,Female,Bengaluru,Karnataka,8627635471,12th Pass,Student,10-20L
996716e97475,Emir Saraf,43,Other,Mumbai,Maharashtra,4115664664,Graduate,Student,5-10L
6400cf57f131,Indrajit Balay,25,Other,Chennai,Tamil Nadu,4806522335,Post Graduate,Unemployed,10-20L
ba3f64dbccf4,Aaina Kapadia,23,Other,Mumbai,Maharashtra,4306509434,Post Graduate,Student,0-5L
628f801b366c,Neelofar Wadhwa,57,Female,Bengaluru,Karnataka,1633438273,Graduate,Daily Wage,10-20L
4ec94281fcfc,Taran Dua,29,Male,Chennai,Tamil Nadu,3093311636,Graduate,Student,10-20L
be79aa6e0965,Veer Salvi,45,Female,Mumbai,Maharashtra,5176067775,10th Pass,Daily Wage,0-5L
b7cf1527d49b,Vivaan Kakar,31,Other,Hyderabad,Telangana,3253496366,12th Pass,Daily Wage,5-10L
52428419d5e7,Kaira Dugal,24,Male,Bengaluru,Karnataka,3756648369,Post Graduate,Employed,5-10L
e9c4f6f16afc,Rati Swaminathan,22,Male,Hyderabad,Telangana,1895276446,Post Graduate,Employed,0-5L
6a788e7f3b64,Mehul Sathe,19,Female,Bengaluru,Karnataka,1435290878,12th Pass,Student,5-10L
4cae166f3899,Tushar Sule,33,Male,Chennai,Tamil Nadu,3215833564,Graduate,Daily Wage,10-20L
93dece82df03,Zoya Amble,55,Other,Delhi,Delhi,9969337269,Graduate,Student,20L+
8174b921bcdb,Jivika Srinivas,53,Other,Hyderabad,Telangana,7392840828,12th Pass,Employed,5-10L
fdeea3fbf7c7,Fateh Apte,50,Female,Mumbai,Maharashtra,5397647744,12th Pass,Daily Wage,20L+
361db7fbf213,Amani Ghose,40,Female,Bengaluru,Karnataka,7430528053,12th Pass,Daily Wage,5-10L
fd742e22de29,Rania Srinivasan,36,Female,Kolkata,West Bengal,8811365880,Graduate,Daily Wage,20L+
eecb7c7f5dee,Dharmajan Balay,43,Male,Mumbai,Maharashtra,0211022526,10th Pass,Employed,10-20L
09276bf4f777,Zara Thaman,55,Male,Mumbai,Maharashtra,4940056448,Post Graduate,Employed,20L+
c4ae0e35e2f0,Kaira Bora,27,Female,Hyderabad,Telangana,4856511099,10th Pass,Unemployed,0-5L
ae0de80f61b2,Samiha Bora,62,Male,Kolkata,West Bengal,6680893143,12th Pass,Employed,0-5L
c5c712d618de,Tanya Behl,43,Male,Bengaluru,Karnataka,5065105228,12th Pass,Employed,0-5L
34993b6b8c86,Nayantara Brahmbhatt,19,Male,Delhi,Delhi,9776272919,Post Graduate,Daily Wage,20L+
30718cff9b7f,Darshit Chand,29,Male,Kolkata,West Bengal,5389569644,Post Graduate,Unemployed,20L+
146a725b2731,Parinaaz Viswanathan,64,Other,Mumbai,Maharashtra,3623215410,12th Pass,Employed,0-5L
cec56de9a382,Pranay Chacko,49,Female,Hyderabad,Telangana,1881999388,12th Pass,Employed,10-20L
1bcd2c60701d,Jiya Gaba,56,Male,Mumbai,Maharashtra,9641286672,10th Pass,Daily Wage,0-5L
28e8d5586044,Anya Kalita,57,Male,Delhi,Delhi,0803568713,10th Pass,Daily Wage,10-20L
2872e401d69e,Jivika Saha,39,Male,Delhi,Delhi,0682861298,Graduate,Employed,10-20L
bf83d09a35c1,Vedika Dâ€™Alia,35,Female,Bengaluru,Karnataka,7438065695,12th Pass,Unemployed,10-20L
5f12d2d73ea4,Krish Upadhyay,37,Male,Mumbai,Maharashtra,8247289932,Post Graduate,Student,20L+
c763e74c2a7b,Samiha Kothari,44,Other,Bengaluru,Karnataka,9334938021,Post Graduate,Employed,0-5L
addf5137e48b,Aarav Sharma,45,Other,Mumbai,Maharashtra,6295059990,Graduate,Unemployed,0-5L
f8f22c9b2a4e,Seher Bhatia,35,Male,Delhi,Delhi,1818175502,10th Pass,Unemployed,0-5L
a11a2bbd744b,Bhavin Vasa,45,Male,Bengaluru,Karnataka,5551132686,12th Pass,Employed,0-5L
ef76ed4c8a35,Misha Bhatia,56,Female,Delhi,Delhi,4663683669,Graduate,Daily Wage,20L+
3cbbffc5d304,Adira Gupta,45,Female,Chennai,Tamil Nadu,9751871511,Graduate,Unemployed,0-5L
94eaebf2404c,Pari Dasgupta,23,Other,Bengaluru,Karnataka,2225122339,Graduate,Student,5-10L
d984526136e2,Ishaan Bhatt,52,Other,Bengaluru,Karnataka,2394675376,10th Pass,Daily Wage,0-5L
07398d09d36d,Mannat Chaudhary,51,Other,Kolkata,West Bengal,8282927853,Post Graduate,Unemployed,0-5L
8493d79cfe05,Nitara Ben,48,Female,Mumbai,Maharashtra,2301304497,Post Graduate,Daily Wage,10-20L
17eecc3ed14d,Veer Sanghvi,49,Other,Hyderabad,Telangana,3885431217,12th Pass,Student,20L+
41010264708f,Madhup Agate,53,Female,Delhi,Delhi,1240655622,12th Pass,Student,10-20L
ed10120ed5cf,Arhaan Bora,49,Female,Mumbai,Maharashtra,8873068352,10th Pass,Unemployed,10-20L
59858e0c6d86,Amira Bajaj,23,Male,Hyderabad,Telangana,6436756198,Graduate,Employed,0-5L
8ef4a30a9b73,Mannat Chandra,18,Female,Bengaluru,Karnataka,5877302545,Post Graduate,Employed,20L+
b0b478ad7f63,Dishani Sampath,35,Female,Bengaluru,Karnataka,4273574350,Graduate,Unemployed,10-20L
616b2699f84e,Prerak Tandon,18,Other,Mumbai,Maharashtra,2356401871,12th Pass,Unemployed,5-10L
9ee34e582105,Urvi Acharya,46,Female,Kolkata,West Bengal,0230852090,10th Pass,Unemployed,0-5L
59a0ddbde289,Kimaya Sheth,64,Other,Delhi,Delhi,1747002584,10th Pass,Employed,20L+
99473377518e,Zeeshan Kamdar,55,Female,Bengaluru,Karnataka,9029863022,12th Pass,Unemployed,5-10L
9ac0453821ec,Urvi Anand,58,Other,Mumbai,Maharashtra,1360155837,10th Pass,Daily Wage,5-10L
eaf2f265dea9,Adah Setty,35,Female,Bengaluru,Karnataka,3147681485,Graduate,Employed,0-5L
9669295bfbd0,Saksham Das,48,Male,Chennai,Tamil Nadu,6090075722,10th Pass,Unemployed,10-20L
9dd98c84d5b0,Anika Wason,34,Female,Hyderabad,Telangana,5517299965,12th Pass,Student,20L+
788c291e7c81,Romil Dugar,18,Other,Mumbai,Maharashtra,0263908693,Graduate,Unemployed,5-10L
0aa4cbe8255e,Fateh Jayaraman,22,Female,Delhi,Delhi,3218192786,12th Pass,Employed,0-5L
34bac4536bb5,Kismat Raval,53,Male,Bengaluru,Karnataka,3945313482,12th Pass,Student,10-20L
66b5aad1d614,Himmat Gola,26,Female,Delhi,Delhi,6825980111,10th Pass,Employed,0-5L
1db0dd9809d7,Riaan Garde,46,Other,Hyderabad,Telangana,4863748354,Graduate,Student,10-20L
cdebe60be117,Oorja Dutt,50,Female,Mumbai,Maharashtra,0273804352,Post Graduate,Student,0-5L
814561e90933,Indrans Cherian,61,Female,Mumbai,Maharashtra,6217610207,Graduate,Daily Wage,5-10L
38e7ba58761d,Saira Kadakia,21,Female,Delhi,Delhi,4845606457,10th Pass,Student,0-5L
58cb3e7b8396,Akarsh Basu,40,Male,Hyderabad,Telangana,9073814958,Graduate,Unemployed,5-10L
9e29773c9a60,Samaira Sant,20,Other,Bengaluru,Karnataka,0266872956,10th Pass,Student,10-20L
74a6d847f3d7,Romil Joshi,38,Male,Mumbai,Maharashtra,6260683260,10th Pass,Student,0-5L
5cdfc93003bd,Jivin Thaman,47,Other,Delhi,Delhi,0467880490,Graduate,Unemployed,10-20L
588a8ec9d38f,Sana Gopal,56,Female,Chennai,Tamil Nadu,7337048803,Graduate,Student,20L+
5d751e27cbf2,Mehul Kade,32,Female,Chennai,Tamil Nadu,2228552050,Post Graduate,Daily Wage,0-5L
aa79ea4f924c,Tara Bhardwaj,45,Male,Delhi,Delhi,2931526731,Graduate,Employed,5-10L
4dbb3fddb2a0,Samaira Kulkarni,57,Female,Mumbai,Maharashtra,9445689368,10th Pass,Daily Wage,10-20L
e87b47d62fcc,Heer Uppal,42,Other,Delhi,Delhi,5337060640,10th Pass,Employed,5-10L
55761d132d75,Kiaan Shankar,49,Male,Delhi,Delhi,0403323992,Graduate,Daily Wage,20L+
fa91f61c6be3,Siya Sarraf,22,Male,Bengaluru,Karnataka,4785145924,Post Graduate,Daily Wage,20L+
3b541a111029,Hiran Kaur,31,Other,Chennai,Tamil Nadu,2209724186,10th Pass,Employed,0-5L
b72a2442766a,Nitya Saha,48,Other,Hyderabad,Telangana,2205163133,10th Pass,Daily Wage,20L+
85797fe96031,Adira Chad,28,Male,Hyderabad,Telangana,4367389467,Graduate,Student,0-5L
a98dd617d260,Dhanush Bhardwaj,49,Other,Delhi,Delhi,4975513995,Graduate,Daily Wage,10-20L
5195f7021165,Yasmin Ghose,47,Other,Hyderabad,Telangana,7419687894,Graduate,Employed,5-10L
b3453845f758,Riya Sahni,29,Other,Hyderabad,Telangana,9028956148,Graduate,Student,20L+
26baa6948649,Manikya Bhattacharyya,60,Male,Mumbai,Maharashtra,7284058995,12th Pass,Daily Wage,20L+
622c60a1a9c4,Parinaaz Rattan,23,Male,Chennai,Tamil Nadu,9066577026,10th Pass,Employed,0-5L
784654712272,Lakshay Bajwa,27,Other,Kolkata,West Bengal,9661875821,Graduate,Student,5-10L
6aba52e77f08,Samar Sahota,18,Male,Delhi,Delhi,2676823296,10th Pass,Student,10-20L
04c60b51110f,Oorja Raman,32,Male,Mumbai,Maharashtra,7383534366,12th Pass,Employed,0-5L
d4a4008a987f,Baiju Ahuja,31,Other,Hyderabad,Telangana,7829533731,12th Pass,Student,0-5L
62cc0b227ee4,Advik Sarin,57,Female,Chennai,Tamil Nadu,4445479844,Post Graduate,Employed,0-5L
5180ac73e5c6,Saira Bir,65,Male,Delhi,Delhi,2569105828,12th Pass,Student,10-20L
2466521d69d0,Vardaniya Gopal,50,Female,Kolkata,West Bengal,0817088756,12th Pass,Daily Wage,5-10L
590975e8b283,Sana Ben,21,Female,Delhi,Delhi,9560495611,10th Pass,Employed,5-10L
7bb9f5cca2d7,Vaibhav Ganesh,20,Male,Hyderabad,Telangana,0671990581,Graduate,Unemployed,10-20L
1ede73410521,Prerak Bedi,45,Female,Hyderabad,Telangana,3972513395,Graduate,Student,20L+
3891cf582d83,Mannat Vohra,19,Female,Bengaluru,Karnataka,6848558192,Post Graduate,Unemployed,5-10L
a1d209116181,Dishani Khanna,41,Male,Bengaluru,Karnataka,9742299193,Graduate,Unemployed,20L+
0a7037074c2b,Adah Mander,55,Other,Hyderabad,Telangana,4621988577,Post Graduate,Employed,5-10L
a49977d18652,Aradhya Ranganathan,37,Female,Chennai,Tamil Nadu,9518796916,Post Graduate,Daily Wage,5-10L
661afdb96e9d,Pranay Comar,53,Other,Hyderabad,Telangana,5455233932,12th Pass,Daily Wage,10-20L
c31cacd82c55,Yuvaan Agrawal,24,Female,Chennai,Tamil Nadu,9566704889,10th Pass,Daily Wage,10-20L
612498625e08,Inaaya  Dayal,49,Other,Kolkata,West Bengal,3200645035,Graduate,Unemployed,0-5L
ee19145ebc1a,Mishti Bajaj,63,Female,Delhi,Delhi,3934599547,Graduate,Student,10-20L
25cd5e49bf6e,Tarini Balasubramanian,51,Male,Delhi,Delhi,0739287746,10th Pass,Unemployed,10-20L
3f401085bf5d,Prisha Khatri,53,Other,Kolkata,West Bengal,9946821350,Post Graduate,Employed,20L+
19d2b56a7bec,Indranil Swaminathan,47,Other,Delhi,Delhi,5503925519,Post Graduate,Unemployed,5-10L
afabef9766b7,Lagan Kuruvilla,53,Female,Mumbai,Maharashtra,2080362704,12th Pass,Student,10-20L
05313ae4cf05,Ehsaan Thaman,51,Other,Delhi,Delhi,5653287284,12th Pass,Student,10-20L
dce31beaae67,Yuvraj  Manda,22,Other,Bengaluru,Karnataka,9603767511,Graduate,Student,0-5L
45c9bfb77016,Aaina Ratta,18,Female,Kolkata,West Bengal,9958417468,Graduate,Daily Wage,20L+
2a0820cd94c0,Alisha Badami,42,Male,Mumbai,Maharashtra,7748672454,10th Pass,Employed,10-20L
87acccf420c9,Rhea Basu,35,Female,Hyderabad,Telangana,4772738960,Graduate,Employed,0-5L
6ce54fb7339d,Dhanush Comar,31,Other,Kolkata,West Bengal,2730307157,12th Pass,Daily Wage,0-5L
24772083dee3,Urvi Karnik,37,Female,Bengaluru,Karnataka,6995856754,12th Pass,Unemployed,10-20L
7ed9459b5866,Nirvi Dayal,44,Female,Bengaluru,Karnataka,1689577230,12th Pass,Student,5-10L
be157da2e40f,Ryan Sheth,63,Other,Kolkata,West Bengal,5191860170,10th Pass,Unemployed,20L+
b635bd122a7f,Armaan Dada,62,Other,Bengaluru,Karnataka,7154707353,10th Pass,Daily Wage,10-20L
4a4656bdfdcc,Yakshit Bansal,50,Female,Chennai,Tamil Nadu,1674711683,10th Pass,Daily Wage,5-10L
91d1e4655c91,Hrishita Buch,41,Other,Bengaluru,Karnataka,4888492353,10th Pass,Unemployed,10-20L
17b1ed10a848,Nishith Hegde,59,Female,Mumbai,Maharashtra,8808915340,12th Pass,Unemployed,20L+
efa278e72632,Aaina Ganguly,61,Female,Chennai,Tamil Nadu,8684510726,12th Pass,Employed,10-20L
2450e6090af5,Miraya Devan,25,Female,Chennai,Tamil Nadu,8298430758,12th Pass,Employed,10-20L
9721c4deedbc,Zara Chowdhury,42,Male,Delhi,Delhi,4637305454,Graduate,Unemployed,5-10L
ae02e903453a,Kavya Seth,18,Male,Chennai,Tamil Nadu,4302434094,12th Pass,Student,0-5L
1f509864add4,Jayant Bava,46,Other,Bengaluru,Karnataka,5799943197,Graduate,Student,5-10L
ca8f914697b9,Saksham Ahluwalia,61,Male,Mumbai,Maharashtra,5826584640,10th Pass,Daily Wage,0-5L
b158c082c56f,Hrishita Dugar,54,Male,Chennai,Tamil Nadu,5819642616,10th Pass,Unemployed,0-5L
8e8eea410b3d,Indrajit Khatri,22,Female,Bengaluru,Karnataka,9995742990,10th Pass,Employed,0-5L
cb035f7f255e,Siya Bhavsar,45,Male,Delhi,Delhi,8264876672,10th Pass,Daily Wage,5-10L
3f5752c5ed99,Shanaya Thakur,20,Female,Bengaluru,Karnataka,2981666196,12th Pass,Daily Wage,0-5L
30ea78405e56,Prerak Sawhney,45,Male,Bengaluru,Karnataka,6017142865,Post Graduate,Daily Wage,20L+
030c0e963160,Ryan Shanker,37,Female,Delhi,Delhi,9668910389,Graduate,Student,20L+
de9b41242cd4,Onkar Vasa,52,Other,Hyderabad,Telangana,3371072062,Graduate,Unemployed,10-20L
ec3b52c1090d,Shalv Gola,55,Other,Delhi,Delhi,5355869099,Post Graduate,Student,20L+
e0c332d8133b,Gatik Sridhar,19,Female,Delhi,Delhi,0697562449,Graduate,Unemployed,20L+
49825f231c98,Dhanush Sundaram,34,Female,Delhi,Delhi,5964818825,Graduate,Daily Wage,5-10L
793d287dbd63,Jivin Bava,27,Other,Kolkata,West Bengal,0414019833,10th Pass,Employed,20L+
a235ee329bdc,Yakshit Din,35,Female,Bengaluru,Karnataka,9928569844,10th Pass,Daily Wage,10-20L
61568fdd9117,Ojas Anand,62,Female,Bengaluru,Karnataka,0658795793,10th Pass,Unemployed,20L+
b9d3bfbca063,Suhana Wagle,42,Female,Hyderabad,Telangana,9779339262,Graduate,Student,10-20L
fc1fda173f52,Indranil Bhattacharyya,64,Male,Chennai,Tamil Nadu,8867706491,12th Pass,Unemployed,0-5L
0040e847d76d,Rohan Gade,19,Male,Mumbai,Maharashtra,0233281243,12th Pass,Employed,5-10L
609cb38845ec,Rati Bal,32,Male,Kolkata,West Bengal,5908882525,12th Pass,Unemployed,20L+
fa54030bc865,Samarth Dar,54,Female,Bengaluru,Karnataka,0928008472,Graduate,Student,0-5L
79415e64cf8c,Madhup Dyal,22,Other,Bengaluru,Karnataka,6699977232,12th Pass,Daily Wage,5-10L
2b5532190aea,Kaira Sekhon,45,Male,Kolkata,West Bengal,6660070812,12th Pass,Student,10-20L
07a0b9a48a1d,Pranay Gopal,64,Male,Kolkata,West Bengal,3985247836,Graduate,Student,5-10L
643b46afec76,Mamooty Sant,50,Male,Bengaluru,Karnataka,6959930099,Graduate,Employed,10-20L
f70afd358c76,Armaan Dugar,52,Female,Hyderabad,Telangana,0358858264,Post Graduate,Unemployed,20L+
09cc6b63ebb0,Drishya Sani,62,Male,Mumbai,Maharashtra,4379524079,Graduate,Unemployed,5-10L
bf628274d884,Damini Goda,51,Other,Hyderabad,Telangana,7585679055,10th Pass,Student,0-5L
2a6a10a733cb,Zaina Garg,24,Male,Delhi,Delhi,8228006078,10th Pass,Daily Wage,10-20L
4de767fbb9f9,Shaan Kari,24,Other,Mumbai,Maharashtra,5201327881,10th Pass,Employed,5-10L
96a9250a8939,Drishya Doshi,40,Male,Delhi,Delhi,3557969063,Post Graduate,Unemployed,10-20L
01bb73c91678,Farhan Venkatesh,53,Other,Delhi,Delhi,9423215233,Post Graduate,Employed,20L+
b3cbd1e61c2e,Miraya Bhardwaj,27,Male,Hyderabad,Telangana,3194006963,12th Pass,Daily Wage,10-20L
77c7be180ab0,Veer Dugar,43,Other,Mumbai,Maharashtra,3059598242,Graduate,Daily Wage,20L+
dacf387eac75,Alia Koshy,61,Female,Delhi,Delhi,8244297250,Post Graduate,Daily Wage,10-20L
6ad516cff0f3,Sumer Borra,23,Other,Bengaluru,Karnataka,0226816291,10th Pass,Unemployed,5-10L
3e8a21ba753d,Kiara Ben,35,Other,Hyderabad,Telangana,2314529784,12th Pass,Unemployed,0-5L
121a7460c31f,Ayesha Khare,32,Male,Delhi,Delhi,1753916945,12th Pass,Employed,20L+
06cf187dc41b,Ritvik Das,35,Female,Hyderabad,Telangana,8413302454,10th Pass,Unemployed,0-5L
f6d1cbbaa2a1,Nakul Bahri,58,Female,Mumbai,Maharashtra,6400387821,Post Graduate,Unemployed,5-10L
128af6716c59,Mannat Jani,61,Male,Hyderabad,Telangana,6500697147,Graduate,Unemployed,10-20L
9bb1aaa30150,Aaina Kala,26,Male,Kolkata,West Bengal,6499277632,12th Pass,Daily Wage,10-20L
333a378d3ab7,Lakshit Biswas,58,Female,Kolkata,West Bengal,0389878635,Graduate,Student,5-10L
159b0f46c1b2,Dishani Guha,38,Male,Mumbai,Maharashtra,1400486540,12th Pass,Employed,20L+
fdfd2bbcfcf0,Drishya Walia,65,Other,Bengaluru,Karnataka,0229074138,10th Pass,Unemployed,20L+
9a266aae41aa,Umang Balasubramanian,64,Male,Delhi,Delhi,7200591385,12th Pass,Employed,0-5L
29f65c454d11,Shlok Kuruvilla,48,Female,Mumbai,Maharashtra,2378152245,12th Pass,Employed,0-5L
f699e8d49a4d,Jayant Gara,55,Male,Delhi,Delhi,5922683613,12th Pass,Employed,5-10L
3a1f18c9aac0,Kaira Anand,56,Other,Bengaluru,Karnataka,5477797571,12th Pass,Unemployed,10-20L
08765c69c148,Advik Singh,36,Male,Mumbai,Maharashtra,7168688918,10th Pass,Unemployed,5-10L
9e28bca55a02,Saanvi Sridhar,30,Female,Delhi,Delhi,6487957008,Post Graduate,Daily Wage,20L+
a0e880df6008,Shray Madan,55,Female,Bengaluru,Karnataka,7689448987,12th Pass,Unemployed,10-20L
e21e15802bbd,Shlok Madan,65,Other,Kolkata,West Bengal,5459237150,10th Pass,Student,20L+
f9824129f9cf,Shaan Sahota,51,Male,Delhi,Delhi,9847536225,Post Graduate,Student,10-20L
55d5e6043a5b,Gatik Soman,28,Male,Mumbai,Maharashtra,9589389891,10th Pass,Student,20L+
64dcf722a774,Dhanush Bhattacharyya,40,Other,Kolkata,West Bengal,1315118363,Graduate,Daily Wage,0-5L
c66c2539d8ac,Baiju Bali,50,Male,Chennai,Tamil Nadu,8881377997,12th Pass,Employed,5-10L
28db93811af8,Parinaaz Bhagat,65,Male,Hyderabad,Telangana,6254763088,Graduate,Daily Wage,10-20L
3b0d7fcc74b7,Parinaaz Raja,50,Other,Chennai,Tamil Nadu,5368214252,10th Pass,Daily Wage,5-10L
0d1f55276822,Vivaan Sandhu,64,Male,Bengaluru,Karnataka,4368205807,10th Pass,Employed,20L+
d7b475b6daac,Eva Subramanian,37,Male,Kolkata,West Bengal,3139373057,10th Pass,Student,0-5L
62685db25e18,Prisha Chaudhuri,46,Male,Bengaluru,Karnataka,7425420718,Graduate,Student,5-10L
3ef4c5cdad2a,Devansh Bains,41,Male,Hyderabad,Telangana,3283911778,Post Graduate,Student,20L+
4a60969f0fd2,Prerak Ray,30,Other,Kolkata,West Bengal,6875130810,Post Graduate,Employed,0-5L
e9c4f6f16afc,Rati Swaminathan,50,Female,Mumbai,Maharashtra,5893398965,12th Pass,Unemployed,0-5L
43eb7653f73a,Yashvi Kala,26,Other,Chennai,Tamil Nadu,9320509817,12th Pass,Daily Wage,5-10L
7e07ea626541,Jivika Deol,55,Female,Delhi,Delhi,6207718735,10th Pass,Daily Wage,5-10L
5fb5f06bd734,Ryan Agate,29,Other,Hyderabad,Telangana,5028013954,12th Pass,Student,5-10L
d01a4d2d97fe,Ryan Guha,46,Male,Hyderabad,Telangana,8810838948,Post Graduate,Unemployed,10-20L
040cf30d2f7e,Chirag Bhavsar,41,Female,Chennai,Tamil Nadu,1873576465,12th Pass,Unemployed,20L+
ddedb76c003c,Tara Gill,28,Other,Delhi,Delhi,9280719735,Post Graduate,Unemployed,20L+
5a2ed60663a6,Indrans Wali,19,Female,Kolkata,West Bengal,2736771150,Graduate,Daily Wage,20L+
b4aff7a7a398,Ahana  Kakar,48,Female,Chennai,Tamil Nadu,4250008313,Post Graduate,Student,0-5L
77a606b90464,Ranbir Badami,36,Other,Bengaluru,Karnataka,4623860617,12th Pass,Employed,5-10L
e48a6d16f23f,Dhanuk Bumb,63,Female,Mumbai,Maharashtra,1118863551,12th Pass,Unemployed,5-10L
cd7296e5853e,Taimur Mann,20,Male,Hyderabad,Telangana,2853876942,Graduate,Daily Wage,20L+
b3644a339a8e,Seher Raj,38,Male,Chennai,Tamil Nadu,2761239270,Post Graduate,Daily Wage,5-10L
e9da5e6b76ad,Gokul Balan,27,Other,Bengaluru,Karnataka,1343361652,10th Pass,Employed,10-20L
49c28aace5df,Umang Bhardwaj,20,Other,Kolkata,West Bengal,9499004706,Graduate,Student,20L+
d4d39416a00f,Lavanya Kohli,37,Female,Hyderabad,Telangana,7592078750,Post Graduate,Student,10-20L
c020bfc617e0,Faiyaz Apte,63,Male,Chennai,Tamil Nadu,8533276240,12th Pass,Employed,10-20L
00bb1387a8bf,Madhup Bath,29,Other,Mumbai,Maharashtra,9666110353,10th Pass,Student,10-20L
3f8450addb05,Pranay Mangal,36,Other,Mumbai,Maharashtra,4673788779,Post Graduate,Employed,20L+
36ca793dadb9,Amira Dara,47,Male,Mumbai,Maharashtra,4151889810,Graduate,Employed,20L+
93b2557ebe49,Sahil Walia,60,Other,Mumbai,Maharashtra,6579919996,10th Pass,Unemployed,0-5L
68712b638d70,Aarav Gera,60,Female,Kolkata,West Bengal,8232248098,Graduate,Unemployed,10-20L
f67b274ae0fb,Aniruddh Gupta,58,Other,Bengaluru,Karnataka,4278201989,Graduate,Daily Wage,10-20L
d67c9486724b,Riaan Rajagopal,50,Male,Chennai,Tamil Nadu,8719741439,Graduate,Unemployed,10-20L
9d9b031673b7,Lagan Anand,25,Other,Bengaluru,Karnataka,1080582168,10th Pass,Unemployed,20L+
af28ae826424,Jayan Sant,50,Other,Mumbai,Maharashtra,3466735767,Graduate,Student,20L+
c5f25e012918,Baiju Lalla,51,Male,Chennai,Tamil Nadu,6157997073,12th Pass,Student,0-5L
c43eed3c5e5b,Nitya Varughese,56,Male,Mumbai,Maharashtra,6997533755,10th Pass,Student,5-10L
7bd310a24edd,Misha Shetty,58,Other,Hyderabad,Telangana,4703274198,Graduate,Daily Wage,0-5L
e6bd363c688d,Riaan Sidhu,60,Other,Bengaluru,Karnataka,1094039822,Post Graduate,Student,10-20L
7b95bc5ab384,Yashvi Bhandari,57,Other,Hyderabad,Telangana,0763668821,12th Pass,Unemployed,10-20L
a206ac7d09e3,Ryan Deshpande,40,Male,Mumbai,Maharashtra,4184496097,Graduate,Unemployed,5-10L
c50630ba1365,Oorja Devan,31,Male,Delhi,Delhi,6752569310,12th Pass,Employed,20L+
df7c4c702ed7,Aniruddh Rama,23,Other,Chennai,Tamil Nadu,8103678863,10th Pass,Employed,20L+
803d59202ff7,Nayantara Chand,42,Female,Bengaluru,Karnataka,5198827011,Graduate,Employed,0-5L
b7fa87c36eee,Piya Rajagopal,65,Male,Chennai,Tamil Nadu,1488984876,10th Pass,Daily Wage,0-5L
5fdd650490c6,Nirvi Sachar,30,Other,Delhi,Delhi,7057949224,Post Graduate,Employed,20L+
5a73f83bb948,Shray Chokshi,39,Other,Delhi,Delhi,4404066442,12th Pass,Daily Wage,5-10L
271d3338c8a8,Diya Kara,18,Other,Bengaluru,Karnataka,4284403343,12th Pass,Unemployed,20L+
34eb7a6f4b35,Diya Gupta,27,Female,Mumbai,Maharashtra,6253279334,12th Pass,Employed,5-10L
a59f3b23cb6a,Prerak Dara,22,Female,Mumbai,Maharashtra,8582644221,10th Pass,Student,0-5L
8846af9c2582,Jivika Borde,44,Other,Bengaluru,Karnataka,4756401590,10th Pass,Student,20L+
7b5501d57aa9,Tara Contractor,59,Female,Chennai,Tamil Nadu,2130447940,Graduate,Student,0-5L
c9f1a4b53233,Anaya Som,31,Other,Bengaluru,Karnataka,6335798976,Post Graduate,Daily Wage,20L+
c664aa6c3a09,Sana Dhingra,48,Male,Delhi,Delhi,9555573847,12th Pass,Unemployed,5-10L
81da5dc4dfe6,Lavanya Sabharwal,48,Other,Kolkata,West Bengal,8480111717,10th Pass,Student,10-20L
0aa98939b9e1,Jiya Date,45,Female,Mumbai,Maharashtra,7054496947,Post Graduate,Student,20L+
591d253aaa6b,Jayesh Bumb,49,Female,Delhi,Delhi,0413708462,Post Graduate,Employed,20L+
77ff215d7c5f,Adira Gade,29,Female,Delhi,Delhi,5693748638,Post Graduate,Employed,10-20L
d13fe663770b,Anaya Sura,43,Male,Bengaluru,Karnataka,2415179717,Graduate,Employed,0-5L
df82b2e98f5f,Chirag Chatterjee,33,Male,Delhi,Delhi,9021039585,10th Pass,Student,5-10L
9b2021a542bb,Arhaan Venkataraman,18,Male,Mumbai,Maharashtra,6943481097,Post Graduate,Daily Wage,5-10L
6903b536da09,Anika Bedi,35,Other,Kolkata,West Bengal,9028332993,Post Graduate,Unemployed,20L+
9da1fc72da33,Heer Sant,20,Male,Delhi,Delhi,8950705112,Post Graduate,Unemployed,20L+
5d7ff8fb6f22,Ritvik Balakrishnan,51,Female,Bengaluru,Karnataka,2240670438,12th Pass,Student,10-20L
8e90bb86b342,Nirvaan Chander,37,Male,Bengaluru,Karnataka,8357247099,10th Pass,Employed,0-5L
1ae82c76e5e8,Trisha Bhatia,55,Male,Delhi,Delhi,6141056572,12th Pass,Student,5-10L
8bab57f68e50,Mannat Kalita,47,Female,Chennai,Tamil Nadu,0724378431,Graduate,Student,5-10L
4ab8b4a2c997,Jivin Dubey,22,Male,Hyderabad,Telangana,6437086999,Post Graduate,Employed,0-5L
b27ecf7b35b2,Zaina Jain,30,Other,Chennai,Tamil Nadu,4124624661,12th Pass,Unemployed,10-20L
65c8c2f46454,Nakul Gola,63,Other,Chennai,Tamil Nadu,2474264834,Graduate,Unemployed,5-10L
f216f150f779,Bhavin Sastry,56,Other,Hyderabad,Telangana,8309236287,Post Graduate,Daily Wage,10-20L
b17d6dba8660,Alia Chand,28,Other,Bengaluru,Karnataka,8453192042,Post Graduate,Employed,5-10L
e1757de9b7f7,Khushi Sarin,37,Other,Kolkata,West Bengal,0224958112,Graduate,Employed,0-5L
ec4ba5c94f8a,Sara Ahluwalia,35,Female,Chennai,Tamil Nadu,2165622937,Graduate,Daily Wage,0-5L
cf993590e0b4,Drishya Bhalla,52,Female,Chennai,Tamil Nadu,8783450854,12th Pass,Daily Wage,10-20L
06075b0a7363,Misha Date,46,Female,Kolkata,West Bengal,4185068347,12th Pass,Unemployed,5-10L
dc9357cf4af4,Neysa Virk,65,Female,Hyderabad,Telangana,2312091545,Post Graduate,Daily Wage,20L+
b285bb70f1c0,Priyansh Mahal,24,Female,Chennai,Tamil Nadu,9090973103,Post Graduate,Employed,20L+
0ec63db6c10b,Saanvi Sem,42,Other,Bengaluru,Karnataka,8451028975,Post Graduate,Employed,10-20L
1668232a8de9,Indranil Ravel,37,Other,Bengaluru,Karnataka,9012333270,Post Graduate,Unemployed,5-10L
ffdcdf406cb7,Charvi Shankar,35,Male,Bengaluru,Karnataka,0926965310,10th Pass,Student,20L+
7789b7a736f8,Veer Deshmukh,26,Other,Mumbai,Maharashtra,1291335718,12th Pass,Daily Wage,10-20L
ebf32ba34989,Rasha Kota,48,Other,Hyderabad,Telangana,4848655446,12th Pass,Employed,20L+
aeb04ffbce27,Vaibhav Sethi,20,Female,Chennai,Tamil Nadu,6109532039,Post Graduate,Employed,5-10L
f93e522174b9,Gokul Iyengar,23,Other,Hyderabad,Telangana,5775514942,Post Graduate,Employed,0-5L
c8dbaac1e881,Aaryahi Jani,19,Male,Chennai,Tamil Nadu,1582968837,Post Graduate,Employed,0-5L
dd3a05133162,Hrishita Sankar,62,Male,Chennai,Tamil Nadu,6452009938,Post Graduate,Student,10-20L
9a7dcbc17376,Riya Thakkar,59,Female,Chennai,Tamil Nadu,6069863452,10th Pass,Student,20L+
6e0045aeba4a,Tarini Bahri,59,Male,Delhi,Delhi,4026486797,10th Pass,Student,0-5L
610ab4f7559f,Myra Wable,46,Other,Bengaluru,Karnataka,6107030617,Graduate,Student,20L+
2991fb6e696f,Anaya Talwar,34,Other,Delhi,Delhi,5844687624,Graduate,Daily Wage,5-10L
ca61de612d96,Ivan Sharaf,18,Female,Chennai,Tamil Nadu,8697247400,10th Pass,Student,0-5L
664f5d3ff5d9,Chirag Chad,42,Female,Kolkata,West Bengal,2019885384,Graduate,Daily Wage,10-20L
fa331845c7fd,Kimaya Gupta,62,Female,Mumbai,Maharashtra,3383518189,Graduate,Daily Wage,10-20L
3607451c62be,Aniruddh Kapadia,32,Female,Bengaluru,Karnataka,4073168882,12th Pass,Daily Wage,20L+
10e1081aae0e,Nayantara Raman,48,Other,Hyderabad,Telangana,7095153331,10th Pass,Unemployed,5-10L
66e8fb1ac0a5,Shayak Rastogi,39,Female,Bengaluru,Karnataka,2875191102,Graduate,Unemployed,0-5L
c204f2110670,Ishaan Sampath,44,Male,Chennai,Tamil Nadu,6691354781,10th Pass,Student,20L+
ba046a448a90,Diya Sengupta,32,Male,Hyderabad,Telangana,8039984279,Post Graduate,Unemployed,0-5L
65cc181accb3,Saanvi Atwal,52,Male,Hyderabad,Telangana,7970727132,10th Pass,Unemployed,5-10L
236286343476,Samarth Borah,59,Female,Bengaluru,Karnataka,7094822583,12th Pass,Student,5-10L
1c91a554211d,Tanya Agarwal,56,Other,Hyderabad,Telangana,3496423526,10th Pass,Employed,0-5L
d0a33c5ccadc,Hridaan Tata,31,Other,Bengaluru,Karnataka,3213935357,Graduate,Unemployed,10-20L
354f5815a73a,Ojas Raval,38,Male,Mumbai,Maharashtra,4312797662,Post Graduate,Student,20L+
fc9ad91c4767,Indranil Mani,52,Female,Hyderabad,Telangana,2860166528,Post Graduate,Student,10-20L
f3fa7ae8ea71,Adira Wagle,44,Male,Mumbai,Maharashtra,2526356937,10th Pass,Student,0-5L
d57d9fd40425,Farhan Shanker,21,Other,Delhi,Delhi,8791120624,10th Pass,Daily Wage,10-20L
06805db23a22,Piya Krishnamurthy,64,Male,Delhi,Delhi,9532273045,10th Pass,Employed,10-20L
1dfa8148edd8,Rasha Hora,53,Other,Bengaluru,Karnataka,0044867920,10th Pass,Daily Wage,20L+
dd980f1a0da3,Dishani Shankar,43,Male,Chennai,Tamil Nadu,3010559277,12th Pass,Employed,20L+
9b543bde1b94,Khushi Handa,65,Male,Delhi,Delhi,3941136186,10th Pass,Daily Wage,0-5L
93b0d0506dc5,Ranbir Kant,54,Other,Delhi,Delhi,6052197911,10th Pass,Student,10-20L
d66995d003e3,Farhan Edwin,46,Female,Hyderabad,Telangana,2642997637,Post Graduate,Employed,10-20L
855be3fe7cc8,Kashvi Rajagopal,42,Male,Kolkata,West Bengal,0001947206,12th Pass,Unemployed,5-10L
0fe7bddc4b43,Kiara Kuruvilla,23,Male,Hyderabad,Telangana,7486359735,Post Graduate,Student,5-10L
b14abbdb7e5e,Taran Chandran,19,Male,Kolkata,West Bengal,0695028662,10th Pass,Daily Wage,10-20L
ef38c44cdfc8,Mishti Dhaliwal,34,Female,Bengaluru,Karnataka,0602277555,10th Pass,Unemployed,20L+
1f8067d2a9ea,Khushi Dar,30,Female,Mumbai,Maharashtra,6988711331,Post Graduate,Daily Wage,5-10L
82dda62febaa,Samarth Rout,65,Male,Delhi,Delhi,8197628310,Post Graduate,Student,0-5L
2fcf32cdf116,Shamik Randhawa,42,Other,Chennai,Tamil Nadu,1890428619,Post Graduate,Student,5-10L
e7f265f76951,Bhavin Chada,44,Male,Chennai,Tamil Nadu,8934865137,10th Pass,Student,0-5L
35e6bc8d2d08,Jivin Balasubramanian,32,Male,Mumbai,Maharashtra,9297481993,Post Graduate,Unemployed,20L+
bd2ece85c15f,Lagan Dora,61,Other,Chennai,Tamil Nadu,3787891928,12th Pass,Employed,10-20L
67f402feeb7a,Divit Mann,39,Male,Bengaluru,Karnataka,3602276019,12th Pass,Student,0-5L
caa6bc9ce133,Hiran Khosla,64,Male,Bengaluru,Karnataka,5097494186,Post Graduate,Student,0-5L
853628b4fe65,Priyansh Devi,63,Female,Kolkata,West Bengal,8752259203,12th Pass,Unemployed,20L+
0b8004f2ad12,Samarth Bumb,34,Other,Hyderabad,Telangana,7396729281,12th Pass,Employed,5-10L
161abc2c8bf3,Yakshit Dora,49,Female,Hyderabad,Telangana,3266118953,Post Graduate,Unemployed,0-5L
45f670141a1e,Divyansh Magar,20,Male,Mumbai,Maharashtra,1929206220,Post Graduate,Employed,20L+
c9d5584ac282,Hunar Bose,48,Female,Chennai,Tamil Nadu,4785938958,Graduate,Daily Wage,0-5L
d539925603d8,Kimaya Swaminathan,30,Female,Kolkata,West Bengal,3592664251,Graduate,Unemployed,0-5L
daaba04a7ec9,Drishya Sawhney,39,Male,Chennai,Tamil Nadu,9749805374,10th Pass,Employed,10-20L
5b639ba227dd,Ivana Divan,33,Female,Chennai,Tamil Nadu,1026510039,10th Pass,Daily Wage,5-10L
e074deaa2e68,Ranbir Bala,55,Other,Hyderabad,Telangana,2614309547,12th Pass,Unemployed,10-20L
6cc9e9305d5b,Vivaan Vala,46,Female,Hyderabad,Telangana,1995411827,Graduate,Employed,5-10L
0c711bf51a6b,Aaryahi Saini,25,Other,Bengaluru,Karnataka,6487248551,Post Graduate,Unemployed,20L+
187addc2d8f2,Mannat Apte,31,Male,Chennai,Tamil Nadu,2942081810,Post Graduate,Employed,20L+
6f3011885749,Kiaan Sundaram,40,Male,Mumbai,Maharashtra,3475850555,Graduate,Student,0-5L
092d3f7eea71,Akarsh Ganesh,45,Female,Bengaluru,Karnataka,8816957088,10th Pass,Unemployed,0-5L
ad771daa1c0c,Neelofar Gera,64,Female,Bengaluru,Karnataka,1787491660,12th Pass,Student,20L+
b2a5e6608851,Amani Kalla,55,Male,Bengaluru,Karnataka,7478227973,Post Graduate,Daily Wage,20L+
b78d5ce4613a,Tejas Dada,25,Female,Mumbai,Maharashtra,8814610661,10th Pass,Unemployed,20L+
6ea489b84f7b,Baiju Varty,56,Other,Bengaluru,Karnataka,7985455212,Post Graduate,Student,10-20L
c6dfd33e054b,Himmat Balasubramanian,62,Male,Chennai,Tamil Nadu,5441559014,Post Graduate,Daily Wage,0-5L
7b234bf8ba67,Himmat Wali,27,Other,Hyderabad,Telangana,5971522496,12th Pass,Employed,20L+
1175945c546c,Kiara Ranganathan,58,Female,Hyderabad,Telangana,5202250984,12th Pass,Daily Wage,20L+
80ee2471487c,Vritika Kata,49,Female,Chennai,Tamil Nadu,8015335464,Graduate,Unemployed,0-5L
68ff040dbcb2,Zoya Balay,51,Female,Delhi,Delhi,9055689695,12th Pass,Student,10-20L
4398fa9f98df,Nakul Buch,63,Other,Mumbai,Maharashtra,7890850080,12th Pass,Student,20L+
17eecc3ed14d,Veer Sanghvi,27,Female,Chennai,Tamil Nadu,1576484736,Post Graduate,Employed,0-5L
d14720fc0d5f,Jhanvi Rana,64,Male,Hyderabad,Telangana,2197366598,Post Graduate,Employed,20L+
0c853e993302,Ehsaan Soni,54,Female,Bengaluru,Karnataka,8106384592,Graduate,Unemployed,5-10L
5af3ec9bab74,Amani Bath,65,Female,Chennai,Tamil Nadu,4254785702,Post Graduate,Unemployed,5-10L
06117bcdda6a,Jiya Batta,24,Male,Kolkata,West Bengal,0286855372,Graduate,Student,20L+
b206461560fb,Vivaan Dada,40,Male,Chennai,Tamil Nadu,2555068615,Post Graduate,Employed,0-5L
73c79df0854f,Jhanvi Dara,32,Other,Delhi,Delhi,1723563890,10th Pass,Employed,5-10L
7a55ae39cc1b,Ranbir Bhardwaj,35,Other,Kolkata,West Bengal,1979158618,Graduate,Daily Wage,0-5L
108066cac848,Nirvaan Gole,57,Other,Bengaluru,Karnataka,5845479962,Graduate,Daily Wage,0-5L
d25c52322c16,Ishita Divan,62,Other,Hyderabad,Telangana,5159984575,10th Pass,Daily Wage,0-5L
5bf75af6f84d,Renee Subramaniam,41,Female,Hyderabad,Telangana,9507901623,Graduate,Unemployed,10-20L
1640bd538bf6,Zeeshan Kashyap,45,Female,Delhi,Delhi,2233094661,Graduate,Daily Wage,20L+
c809e893547a,Ivan Dash,61,Female,Bengaluru,Karnataka,4961410593,Post Graduate,Daily Wage,5-10L
f7341aac0274,Shaan Lall,20,Male,Hyderabad,Telangana,8528300091,Graduate,Employed,10-20L
070ddd75ed3a,Khushi Hegde,61,Male,Bengaluru,Karnataka,7319183110,Post Graduate,Student,20L+
00c69121f605,Seher Varty,40,Male,Hyderabad,Telangana,1058933489,10th Pass,Student,0-5L
bb882616ec89,Kanav Sanghvi,60,Female,Mumbai,Maharashtra,6284781546,12th Pass,Unemployed,10-20L
a559014258a4,Darshit Garde,48,Female,Delhi,Delhi,5170753026,12th Pass,Employed,0-5L
a0944d967c1f,Reyansh Ravel,31,Other,Chennai,Tamil Nadu,9058464419,Graduate,Employed,10-20L
97f9c6c590e1,Rati Wason,24,Other,Kolkata,West Bengal,0223392714,Graduate,Employed,0-5L
d5618875b860,Ivan Gulati,39,Male,Kolkata,West Bengal,0574755272,Post Graduate,Employed,0-5L
bd488e3e988b,Anaya Jhaveri,58,Male,Chennai,Tamil Nadu,2982944082,Graduate,Student,5-10L
6a7711a9a393,Manjari Gala,60,Other,Kolkata,West Bengal,5369105236,10th Pass,Unemployed,5-10L
0c9f00db13e0,Divij Seth,58,Other,Delhi,Delhi,9755298848,10th Pass,Daily Wage,20L+
cb344600ad33,Anvi Toor,27,Other,Kolkata,West Bengal,8146560061,Graduate,Daily Wage,20L+
